Workbook

Sheet Data
A1: Name | B1: Department | C1: Salary | D1: Age | E1: City | F1: Joining Date | G1: Bonus % | H1: Experience (Years) | I1: Rating (1-5) | J1: Gender
A2: Aarav Sharma | B2: Sales | C2: 62000 | D2: 29 | E2: Delhi | F2: 43628 | G2: 0.1 | H2: 6 | I2: 4 | J2: M
A3: Priya Verma | B3: IT | C3: 78000 | D3: 31 | E3: Mumbai | F3: 42798 | G3: 0.12 | H3: 8 | I3: 5 | J3: F
A4: Rohan Gupta | B4: HR | C4: 45000 | D4: 26 | E4: Delhi | F4: 44216 | G4: 0.08 | H4: 3 | I4: 3 | J4: M
A5: Sneha Iyer | B5: Finance | C5: 85000 | D5: 35 | E5: Bangalore | F5: 41897 | G5: 0.15 | H5: 12 | I5: 5 | J5: F
A6: Karan Mehta | B6: IT | C6: 67000 | D6: 28 | E6: Mumbai | F6: 44013 | G6: 0.09 | H6: 5 | I6: 4 | J6: M
A7: Isha Singh | B7: Sales | C7: 51000 | D7: 24 | E7: Bangalore | F7: 44874 | G7: 0.06 | H7: 2 | I7: 3 | J7: F
A8: Vikram Rao | B8: Marketing | C8: 59000 | D8: 33 | E8: Delhi | F8: 42478 | G8: 0.1 | H8: 9 | I8: 4 | J8: M
A9: Neha Joshi | B9: HR | C9: 48000 | D9: 27 | E9: Mumbai | F9: 43886 | G9: 0.07 | H9: 4 | I9: 3 | J9: F
A10: Arjun Nair | B10: Finance | C10: 91000 | D10: 40 | E10: Bangalore | F10: 41151 | G10: 0.14 | H10: 13 | I10: 5 | J10: M
A11: Divya Kapoor | B11: Sales | C11: 55000 | D11: 25 | E11: Delhi | F11: 44474 | G11: 0.08 | H11: 3 | I11: 2 | J11: F

Sheet Index
A1: Excel Practice Workbook - Index of Cases
A3: # | B3: Sheet | C3: What it teaches
A4: 1 | B4: Data | C4: Source data used by every case (10 employees, 10 fields)
A5: 2 | B5: Case01_LookupAllFields | C5: INDEX + MATCH - fetch every field for one Name
A6: 3 | B6: Case02_ListAllMatches | C6: Array formula - list ALL Names matching a criterion
A7: 4 | B7: Case03_SUMIF | C7: SUMIF - total salary by department
A8: 5 | B8: Case04_COUNTIF | C8: COUNTIF - count employees above a salary
A9: 6 | B9: Case05_AVERAGEIF | C9: AVERAGEIF - average salary by department
A10: 7 | B10: Case06_SUMIFS | C10: SUMIFS - total salary, two conditions
A11: 8 | B11: Case07_COUNTIFS | C11: COUNTIFS - count, two conditions
A12: 9 | B12: Case08_NestedIF | C12: Nested IF - salary category
A13: 10 | B13: Case09_VLOOKUP_ApproxMatch | C13: VLOOKUP approximate match - tax slabs
A14: 11 | B14: Case10_RANK | C14: RANK - salary ranking
A15: 12 | B15: Case11_LARGE_SMALL | C15: LARGE / SMALL - Nth highest/lowest
... A26: 23 | B26: Case22_TextCasing | C26: PROPER/UPPER/LOWER - text standardization

Sheet Case01_LookupAllFields
A1: Case01_LookupAllFields: Fetch all details of one Name
A3: Question: | B3: Type any employee Name into the yellow input cell. All of that employee's details (Department, Salary, Age, City, etc.) should automatically appear in the cells below, fetched from the Data sheet.
A7: Enter Name here: | B7: isha singh
A9: Department: | B9: =INDEX(Data!B$2:B$11,MATCH($B$7,Data!$A$2:$A$11,0)) -> Sales
A10: Salary: | B10: =INDEX(Data!C$2:C$11,MATCH($B$7,Data!$A$2:$A$11,0)) -> 51000
A11: Age: | B11: =INDEX(Data!D$2:D$11,MATCH($B$7,Data!$A$2:$A$11,0)) -> 24
A12: City: | B12: =INDEX(Data!E$2:E$11,MATCH($B$7,Data!$A$2:$A$11,0)) -> Bangalore
A13: Joining Date: | B13: =INDEX(Data!F$2:F$11,MATCH($B$7,Data!$A$2:$A$11,0)) -> 44874
A14: Bonus %: | B14: =INDEX(Data!G$2:G$11,MATCH($B$7,Data!$A$2:$A$11,0)) -> 0.06
A15: Experience (Years): | B15: =INDEX(Data!H$2:H$11,MATCH($B$7,Data!$A$2:$A$11,0)) -> 2
A16: Rating (1-5): | B16: =INDEX(Data!I$2:I$11,MATCH($B$7,Data!$A$2:$A$11,0)) -> 3
A17: Gender: | B17: =INDEX(Data!J$2:J$11,MATCH($B$7,Data!$A$2:$A$11,0)) -> F
A19: Formula used (example for Department): =INDEX(Data!B2:B11,MATCH($B$7,Data!$A$2:$A$11,0)) MATCH finds the row number where the Name equals B7; INDEX then pulls the value from that row in the desired column.

Sheet Case02_ListAllMatches
A1: Case02_ListAllMatches: Extract a list of all matching Names
A3: Question: | B3: Type a Department name into the yellow input cell. Below it, list EVERY employee Name that belongs to that department (not just the first match).
A7: Enter Department here: | B7: Sales
A9: Matching Names: | B9: {=IFERROR(INDEX(Data!$A$2:$A$11,SMALL(IF(Data!$B$2:$B$11=$B$7,ROW(Data!$B$2:$B$11)-ROW(Data!$B$2)+1),1)),"")} -> Aarav Sharma
B10: {=IFERROR(INDEX(Data!$A$2:$A$11,SMALL(IF(Data!$B$2:$B$11=$B$7,ROW(Data!$B$2:$B$11)-ROW(Data!$B$2)+1),2)),"")} -> Isha Singh
B11: {=IFERROR(INDEX(Data!$A$2:$A$11,SMALL(IF(Data!$B$2:$B$11=$B$7,ROW(Data!$B$2:$B$11)-ROW(Data!$B$2)+1),3)),"")} -> Divya Kapoor
B12: {=IFERROR(INDEX(Data!$A$2:$A$11,SMALL(IF(Data!$B$2:$B$11=$B$7,ROW(Data!$B$2:$B$11)-ROW(Data!$B$2)+1),4)),"")}
B13: {=IFERROR(INDEX(Data!$A$2:$A$11,SMALL(IF(Data!$B$2:$B$11=$B$7,ROW(Data!$B$2:$B$11)-ROW(Data!$B$2)+1),5)),"")}
B14: {=IFERROR(INDEX(Data!$A$2:$A$11,SMALL(IF(Data!$B$2:$B$11=$B$7,ROW(Data!$B$2:$B$11)-ROW(Data!$B$2)+1),6)),"")}
B15: {=IFERROR(INDEX(Data!$A$2:$A$11,SMALL(IF(Data!$B$2:$B$11=$B$7,ROW(Data!$B$2:$B$11)-ROW(Data!$B$2)+1),7)),"")}
B16: {=IFERROR(INDEX(Data!$A$2:$A$11,SMALL(IF(Data!$B$2:$B$11=$B$7,ROW(Data!$B$2:$B$11)-ROW(Data!$B$2)+1),8)),"")}
B17: {=IFERROR(INDEX(Data!$A$2:$A$11,SMALL(IF(Data!$B$2:$B$11=$B$7,ROW(Data!$B$2:$B$11)-ROW(Data!$B$2)+1),9)),"")}
B18: {=IFERROR(INDEX(Data!$A$2:$A$11,SMALL(IF(Data!$B$2:$B$11=$B$7,ROW(Data!$B$2:$B$11)-ROW(Data!$B$2)+1),10)),"")}
A20: Formula used (array formula, in the first result cell, then copied down): =IFERROR(INDEX(Data!$A$2:$A$11,SMALL(IF(Data!$B$2:$B$11=$B$7,ROW(Data!$B$2:$B$11)-ROW(Data!$B$2)+1),1)),"") The IF builds an array of row-positions where Department matches; SMALL picks the 1st, 2nd, 3rd... match; IFERROR blanks out once there are no more matches.

Sheet Case03_SUMIF
A1: Case03_SUMIF: Total salary by department (SUMIF)
A3: Question: | B3: Type a Department name. Show the total salary paid to all employees in that department.
A7: Enter Department: | B7: IT
A9: Total Salary: | B9: =SUMIF(Data!$B$2:$B$11,$B$7,Data!$C$2:$C$11) -> 145000
A11: Formula used: =SUMIF(Data!$B$2:$B$11,$B$7,Data!$C$2:$C$11) Adds up Salary (column C) for every row where Department (column B) equals the input.

Sheet Case04_COUNTIF
A1: Case04_COUNTIF: Count employees above a salary (COUNTIF)
A3: Question: | B3: Type a salary amount. Count how many employees earn MORE than that amount.
A7: Enter Salary Threshold: | B7: 60000
A9: Employees Above Threshold: | B9: =COUNTIF(Data!$C$2:$C$11,">"&$B$7) -> 5
A11: Formula used: =COUNTIF(Data!$C$2:$C$11,">"&$B$7) Counts how many Salary values are greater than the number typed in B7.

Sheet Case05_AVERAGEIF
A1: Case05_AVERAGEIF: Average salary by department (AVERAGEIF)
A3: Question: | B3: Type a Department name. Show the average salary of employees in that department.
A7: Enter Department: | B7: Finance
A9: Average Salary: | B9: =AVERAGEIF(Data!$B$2:$B$11,$B$7,Data!$C$2:$C$11) -> 88000
A11: Formula used: =AVERAGEIF(Data!$B$2:$B$11,$B$7,Data!$C$2:$C$11) Averages Salary for rows where Department matches the input.

Sheet Case06_SUMIFS
A1: Case06_SUMIFS: Total salary for Department + City (SUMIFS)
A3: Question: | B3: Type a Department AND a City. Show total salary of employees matching BOTH conditions.
A7: Enter Department: | B7: Sales
A8: Enter City: | B8: Delhi
A10: Total Salary (Dept + City): | B10: =SUMIFS(Data!$C$2:$C$11,Data!$B$2:$B$11,$B$7,Data!$E$2:$E$11,$B$8) -> 117000
A12: Formula used: =SUMIFS(Data!$C$2:$C$11,Data!$B$2:$B$11,$B$7,Data!$E$2:$E$11,$B$8) SUMIFS sums Salary only where BOTH Department AND City conditions are true.

Sheet Case07_COUNTIFS
A1: Case07_COUNTIFS: Count employees by Department + min Rating (COUNTIFS)
A3: Question: | B3: Type a Department and a minimum Rating. Count employees in that department with a rating at or above that value.
A7: Enter Department: | B7: Sales
A8: Enter Minimum Rating: | B8: 3
A10: Matching Employee Count: | B10: =COUNTIFS(Data!$B$2:$B$11,$B$7,Data!$I$2:$I$11,">="&$B$8) -> 2
A12: Formula used: =COUNTIFS(Data!$B$2:$B$11,$B$7,Data!$I$2:$I$11,">="&$B$8) Counts rows where Department matches AND Rating is greater than or equal to the input.

Sheet Case08_NestedIF
A1: Case08_NestedIF: Categorize salary (Nested IF)
A3: Question: | B3: Type a salary amount. Classify it as Low (<50,000), Medium (50,000-75,000), or High (>75,000).
A7: Enter Salary: | B7: 58000
A9: Salary Category: | B9: =IF($B$7<50000,"Low",IF($B$7<=75000,"Medium","High")) -> Medium
A11: Formula used: =IF($B$7<50000,"Low",IF($B$7<=75000,"Medium","High")) Nested IF: below 50,000 is Low, 50,000-75,000 is Medium, above 75,000 is High.

Sheet Case09_VLOOKUP_ApproxMatch
A1: Case09_VLOOKUP_ApproxMatch: Tax slab lookup (VLOOKUP approximate match)
A3: Question: | B3: A tax slab table is given below. Type a salary. Find the applicable tax rate using an approximate-match VLOOKUP.
A7: Tax Slab Table:
A8: Salary From | B8: Tax Rate
A9: 0 | B9: 0.05
A10: 45000 | B10: 0.1
A11: 65000 | B11: 0.15
A12: 85000 | B12: 0.2
A14: Enter Salary: | B14: 67000
A16: Applicable Tax Rate: | B16: =VLOOKUP($B$14,$A$9:$B$12,2,TRUE()) -> 0.15
A18: Formula used: =VLOOKUP($B$14,$A$9:$B$12,2,TRUE) TRUE (approximate match) finds the largest 'Salary From' that is <= the entered salary, so the slab table must be sorted ascending.

Sheet Case10_RANK
A1: Case10_RANK: Rank an employee by salary (RANK)
A3: Question: | B3: Type a Name. Show their salary rank among all employees (1 = highest earner).
A7: Enter Name: | B7: Karan Mehta
A9: Salary Rank (1 = highest): | B9: =RANK(INDEX(Data!$C$2:$C$11,MATCH($B$7,Data!$A$2:$A$11,0)),Data!$C$2:$C$11,0) -> 4
A11: Formula used: =RANK(INDEX(Data!$C$2:$C$11,MATCH($B$7,Data!$A$2:$A$11,0)),Data!$C$2:$C$11,0) First INDEX/MATCH finds that person's salary, then RANK finds its position among all salaries (0 = descending order, so rank 1 is the highest salary).

Sheet Case11_LARGE_SMALL
A1: Case11_LARGE_SMALL: N-th highest & lowest salary (LARGE / SMALL)
A3: Question: | B3: Type a number N. Find the N-th highest salary and the N-th lowest salary in the company.
A7: Enter N (e.g. 2 for 2nd): | B7: 2
A9: N-th Highest Salary: | B9: =LARGE(Data!$C$2:$C$11,$B$7) -> 85000
A10: N-th Lowest Salary: | B10: =SMALL(Data!$C$2:$C$11,$B$7) -> 48000
A12: Formulas used: =LARGE(Data!$C$2:$C$11,$B$7) and =SMALL(Data!$C$2:$C$11,$B$7) LARGE/SMALL return the N-th biggest/smallest value in a range.

Sheet Case12_IFERROR_MATCH
A1: Case12_IFERROR_MATCH: Check if a Name exists (IFERROR + MATCH)
A3: Question: | B3: Type any name (real or made-up). Show "Yes, Found" if it exists in the Data sheet, otherwise "No", without ever displaying an #N/A error.
A7: Enter Name to check: | B7: Rahul Kumar
A9: Exists in Data?: | B9: =IFERROR(IF(MATCH($B$7,Data!$A$2:$A$11,0)>0,"Yes, Found","No"),"No") -> No
A11: Formula used: =IFERROR(IF(MATCH($B$7,Data!$A$2:$A$11,0)>0,"Yes, Found","No"),"No") MATCH throws #N/A if the name isn't found; IFERROR catches that and shows "No" instead of an error.

Sheet Case13_TEXTJOIN
A1: Case13_TEXTJOIN: Build a summary sentence (TEXTJOIN)
A3: Question: | B3: Type a Name. Build one readable sentence combining their Department, City and Salary using TEXTJOIN, e.g. 'Divya Kapoor works in the Sales department...'
A7: Enter Name: | B7: Divya Kapoor
A9: Summary Sentence: | B9: =_xlfn.TEXTJOIN(" ",TRUE(),$B$7,"works in the",INDEX(Data!$B$2:$B$11,MATCH($B$7,Data!$A$2:$A$11,0)),"department, based in",INDEX(Data!$E$2:$E$11,MATCH($B$7,Data!$A$2:$A$11,0)),"and earns",INDEX(Data!$C$2:$C$11,MATCH($B$7,Data!$A$2:$A$11,0))) -> Divya Kapoor works in the Sales department, based in Delhi and earns 55000
A11: Formula used: =TEXTJOIN(" ",TRUE,B7,"works in the",INDEX(...Department...),"department, based in",INDEX(...City...),"and earns",INDEX(...Salary...)) TEXTJOIN glues multiple text pieces together with a space, skipping empty ones (the TRUE argument).

Sheet Case14_TextFunctions
A1: Case14_TextFunctions: Split a full name into First/Last (LEFT, RIGHT, MID, FIND)
A3: Question: | B3: Type a full Name (First Last). Extract the First Name, Last Name, and Initials using text functions.
A7: Enter Full Name: | B7: Arjun Nair
A9: First Name: | B9: =LEFT($B$7,FIND(" ",$B$7)-1) -> Arjun
A10: Last Name: | B10: =MID($B$7,FIND(" ",$B$7)+1,LEN($B$7)) -> Nair
A11: Initials: | B11: =LEFT($B$7,1)&LEFT(MID($B$7,FIND(" ",$B$7)+1,LEN($B$7)),1) -> AN
A13: Formulas used: First Name: =LEFT($B$7,FIND(" ",$B$7)-1) Last Name: =MID($B$7,FIND(" ",$B$7)+1,LEN($B$7)) FIND locates the space; LEFT/MID slice the text before/after it.

Sheet Case15_DATE_Functions
A1: Case15_DATE_Functions: Years of service & days since joining (DATE functions)
A3: Question: | B3: Type a Name. Calculate how many full years they've worked (DATEDIF) and how many days have passed since their joining date.
A7: Enter Name: | B7: Aarav Sharma
A9: Joining Date: | B9: =INDEX(Data!$F$2:$F$11,MATCH($B$7,Data!$A$2:$A$11,0)) -> 43628
A10: Years of Service (as of today): | B10: =DATEDIF($B$9,TODAY(),"y") -> 7
A11: Days Since Joining: | B11: =TODAY()-$B$9 -> 2656
A13: Formulas used: Years: =DATEDIF($B$9,TODAY(),"y") Days: =TODAY()-$B$9 DATEDIF computes whole years between two dates; simple subtraction of dates gives day count. (Values will change daily since TODAY() is dynamic.)

Sheet Case16_TwoWayLookup
A1: Case16_TwoWayLookup: Two-way lookup: Name + Field (INDEX/MATCH/MATCH)
A3: Question: | B3: Type a Name AND a column header (like 'Salary' or 'City'). Return the exact value at that intersection - a full row+column lookup.
A7: Enter Name: | B7: Neha Joshi
A8: Enter Field (exact column header, e.g. Salary): | B8: Rating (1-5)
A10: Result: | B10: =INDEX(Data!$A$2:$J$11,MATCH($B$7,Data!$A$2:$A$11,0),MATCH($B$8,Data!$A$1:$J$1,0)) -> 3
A12: Formula used: =INDEX(Data!$A$2:$J$11,MATCH($B$7,Data!$A$2:$A$11,0),MATCH($B$8,Data!$A$1:$J$1,0)) One MATCH finds the row (which Name), a second MATCH finds the column (which Field), and INDEX returns the value at that row/column intersection - a full two-way lookup.

Sheet Case17_DuplicateCheck
A1: Case17_DuplicateCheck: Check for duplicate Names (COUNTIF)
A3: Question: | B3: Type a Name. Show how many times it appears in the Data sheet, and whether it's a duplicate.
A7: Enter Name: | B7: Priya Verma
A9: Number of Times It Appears: | B9: =COUNTIF(Data!$A$2:$A$11,$B$7) -> 1
A10: Is it a Duplicate?: | B10: =IF($B$9>1,"Yes, Duplicate","No, Unique") -> No, Unique
A12: Formulas used: =COUNTIF(Data!$A$2:$A$11,$B$7) =IF($B$9>1,"Yes, Duplicate","No, Unique") COUNTIF counts occurrences of the name; if the count is more than 1, it's a duplicate.

Sheet Case18_SUMPRODUCT
A1: Case18_SUMPRODUCT: Multi-condition sum without helper columns (SUMPRODUCT)
A3: Question: | B3: Type a minimum Age and a Gender. Total the salary of everyone matching BOTH conditions using a single SUMPRODUCT formula (no SUMIFS, no helper column).
A7: Enter Minimum Age: | B7: 28
A8: Enter Gender: | B8: F
A10: Total Salary (Age >= X AND Gender): | B10: =SUMPRODUCT((Data!$D$2:$D$11>=$B$7)*(Data!$J$2:$J$11=$B$8)*Data!$C$2:$C$11) -> 163000
A11: Matching Employee Count: | B11: =SUMPRODUCT((Data!$D$2:$D$11>=$B$7)*(Data!$J$2:$J$11=$B$8)) -> 2
A13: Formula used: =SUMPRODUCT((Data!$D$2:$D$11>=$B$7)*(Data!$J$2:$J$11=$B$8)*Data!$C$2:$C$11) Each condition becomes an array of TRUE/FALSE (1/0); multiplying them together keeps only rows where BOTH are true, then multiplies by Salary and adds it all up - no helper columns needed.

Sheet Case19_MaxMin_Employee
A1: Case19_MaxMin_Employee: Find highest/lowest paid employee (INDEX + MATCH + MAX/MIN)
A3: Question: | B3: No input needed. Automatically identify the highest salary, and the Name of the highest-paid and lowest-paid employees.
A7: Highest Salary in Company: | B7: =MAX(Data!$C$2:$C$11) -> 91000
A8: Name of Highest Paid Employee: | B8: =INDEX(Data!$A$2:$A$11,MATCH(MAX(Data!$C$2:$C$11),Data!$C$2:$C$11,0)) -> Arjun Nair
A9: Name of Lowest Paid Employee: | B9: =INDEX(Data!$A$2:$A$11,MATCH(MIN(Data!$C$2:$C$11),Data!$C$2:$C$11,0)) -> Rohan Gupta
A11: Formula used: =INDEX(Data!$A$2:$A$11,MATCH(MAX(Data!$C$2:$C$11),Data!$C$2:$C$11,0)) MATCH finds the row position of the maximum salary; INDEX returns the Name at that row.

Sheet Case20_RunningTotal
A1: Case20_RunningTotal: Cumulative / running total of salaries
A3: Question: | B3: Build a running (cumulative) total of Salary as you go down the employee list, row by row.
A7: Name | B7: Salary | C7: Cumulative Total
A8: =Data!$A$2 -> Aarav Sharma | B8: =Data!$C$2 -> 62000 | C8: =B8 -> 62000
A9: =Data!$A$3 -> Priya Verma | B9: =Data!$C$3 -> 78000 | C9: =C8+B9 -> 140000
A10: =Data!$A$4 -> Rohan Gupta | B10: =Data!$C$4 -> 45000 | C10: =C9+B10 -> 185000
A11: =Data!$A$5 -> Sneha Iyer | B11: =Data!$C$5 -> 85000 | C11: =C10+B11 -> 270000
A12: =Data!$A$6 -> Karan Mehta | B12: =Data!$C$6 -> 67000 | C12: =C11+B12 -> 337000
A13: =Data!$A$7 -> Isha Singh | B13: =Data!$C$7 -> 51000 | C13: =C12+B13 -> 388000
A14: =Data!$A$8 -> Vikram Rao | B14: =Data!$C$8 -> 59000 | C14: =C13+B14 -> 447000
A15: =Data!$A$9 -> Neha Joshi | B15: =Data!$C$9 -> 48000 | C15: =C14+B15 -> 495000
A16: =Data!$A$10 -> Arjun Nair | B16: =Data!$C$10 -> 91000 | C16: =C15+B16 -> 586000
A17: =Data!$A$11 -> Divya Kapoor | B17: =Data!$C$11 -> 55000 | C17: =C16+B17 -> 641000
A19: Formula used (first row): =B8 Every row after: =C(previous row)+B(current row) Each cumulative cell adds the current salary to the running total above it.

Sheet Case21_AgeBracket
A1: Case21_AgeBracket: Count employees within an Age range (COUNTIFS between two values)
A3: Question: | B3: Type a minimum and maximum Age. Count how many employees fall within that age bracket (inclusive).
A7: Enter Minimum Age: | B7: 25
A8: Enter Maximum Age: | B8: 32
A10: Employees in Age Range: | B10: =COUNTIFS(Data!$D$2:$D$11,">="&$B$7,Data!$D$2:$D$11,"<="&$B$8) -> 6
A12: Formula used: =COUNTIFS(Data!$D$2:$D$11,">="&$B$7,Data!$D$2:$D$11,"<="&$B$8) COUNTIFS applies two conditions on the SAME range (Age) - lower bound and upper bound - to count everyone falling inside that bracket.

Sheet Case22_TextCasing
A1: Case22_TextCasing: Standardize text casing (PROPER, UPPER, LOWER)
A3: Question: | B3: Type a Name in any random case (e.g. 'arjun nair'). Convert it to Proper Case, UPPER CASE, and lower case, then check whether the Proper Case version exists in the Data sheet.
A7: Enter Name (any case): | B7: arjun nair
A9: Proper Case: | B9: =PROPER($B$7) -> Arjun Nair
A10: UPPER CASE: | B10: =UPPER($B$7) -> ARJUN NAIR
A11: lower case: | B11: =LOWER($B$7) -> arjun nair
A13: Does this Name (in Proper Case) exist in Data?: | B13: =IFERROR(IF(MATCH(PROPER($B$7),Data!$A$2:$A$11,0)>0,"Yes","No"),"No") -> Yes
A15: Formulas used: =PROPER($B$7) =UPPER($B$7) =LOWER($B$7) PROPER capitalizes the first letter of each word - useful for standardizing messy text entry before matching it against the Data sheet.
